USE m151_cinema_booking_system;
SET SQL_SAFE_UPDATES = 0;

INSERT INTO movie (id, name, length, fsk_approval, description, image_file_name) VALUES
(1, 'Herr der Ringe', 120, '16', 'Der Herr der Ringe schließt die Erzählungen in Tolkiens Welt ab, und ist als Buch selbst Teil dieser Welt (Metafiktion). Der Großteil des Werkes handelt von der beschwerlichen Reise des Hobbits Frodo Beutlin und seiner Gefährten während des sogenannten Ringkriegs. Der Herr der Ringe ist eine in sich geschlossene Geschichte, aber auch eine Fortsetzung des Kinderbuchs Der Hobbit, die in vielen Punkten auf den mythenhaften Sagen und Legenden aus dem Silmarillion und den Nachrichten aus Mittelerde beruht. Viele der als Gedichte oder Lieder eingeführten Geschichten – wie Aragorns Gedicht über Luthien Tinuviel (Die Gefährten, Ein Messer im Dunkeln) oder Bilbos Gedicht über Earendil (Die Gefährten, Viele Begegnungen) sind Rückgriffe auf diesen Sagenschatz. Auch die Herkunft der Zauberer und die Ahnen Elronds, Galadriels sowie Aragorns kann man aus dem Kontext des Silmarillions erkennen.', 'lord_of_the_rings_img.png'),
(2, 'Harry Potter', 124, '12', 'Zu Beginn der Erzählung wird der einjährige Harry Potter bei seinen letzten noch lebenden Verwandten, den Dursleys, vor der Haustür abgelegt. Seine Eltern James und Lily Potter sind kurz zuvor vom mächtigsten schwarzen Magier Lord Voldemort getötet worden. Beim Versuch, auch Harry zu töten, fiel der Todesfluch auf Voldemort zurück und vernichtete seinen Körper. Der Junge hat eine blitzförmige Narbe auf der Stirn davongetragen. Da Harry somit die einzige bekannte Person ist, die diesen Fluch überlebt hat, und darüber hinaus für das Verschwinden des größten dunklen Zauberers verantwortlich gemacht wird, ist er von klein auf in der ganzen magischen Welt eine Berühmtheit und bekannt als „der Junge, der überlebte".', 'harry_potter_img.png'),
(3, 'Pokemon', 90, '00', 'In einem Labor, abseits der Menschen, wird ein neues Pokémon geklont. Mewtu- das stärkste Pokémon von allen, kann sich dank seiner psychischen Kräfte befreien, das Labor zerstören und die Forscher töten. Er ist in der Lage, wie ein Mensch zu sprechen, was für Pokémon ungewöhnlich ist und zeigt eine hohe Intelligenz auf. Mewtu hat von den Menschen erfahren, dass es aus einem Pokémon, nämlich Mew, geschaffen wurde. Er will beweisen das ein Klon stärker als das Original ist und Mew bezwingen. Zuvor gelingt es jedoch Giovanni, Chef des Team Rocket, Mewtu eine Rüstung anzulegen, um dessen Kräfte zu bannen. Der Kampf gegen Gary um den Erdorden (8. Orden zur Anerkennung zur Pokémonliga) wird dargestellt. Danach flieht Mewtu von Giovanni und befreit sich aus seiner Rüstung.', 'pokemon_img.png');

INSERT INTO hall (id) VALUES (1), (2), (3), (4), (5), (6);

INSERT INTO presentation(movie_id, hall_id, start_time) VALUES
(1, 1, '2020-03-20 08:00:00'),
(2, 2, '2020-03-20 08:00:00'),
(3, 3, '2020-03-20 08:00:00'),
(1, 4, '2020-03-20 12:00:00'),
(2, 5, '2020-03-20 12:00:00'),
(3, 6, '2020-03-20 12:00:00'),
(1, 1, '2020-03-20 16:00:00'),
(2, 2, '2020-03-20 16:00:00'),
(3, 3, '2020-03-20 16:00:00'),
(1, 4, '2020-03-20 20:00:00'),
(2, 5, '2020-03-20 20:00:00'),
(3, 6, '2020-03-20 20:00:00'),
(1, 1, '2020-03-21 08:00:00'),
(2, 2, '2020-03-21 08:00:00'),
(3, 3, '2020-03-21 08:00:00'),
(1, 4, '2020-03-21 12:00:00'),
(2, 5, '2020-03-21 12:00:00'),
(3, 6, '2020-03-21 12:00:00'),
(1, 1, '2020-03-21 16:00:00'),
(2, 2, '2020-03-21 16:00:00'),
(3, 3, '2020-03-21 16:00:00'),
(1, 4, '2020-03-21 20:00:00'),
(2, 5, '2020-03-21 20:00:00'),
(3, 6, '2020-03-21 20:00:00');

INSERT INTO seatrow (id, letter, hall_id) VALUES
(1, 'A', 1),
(2, 'B', 1),
(3, 'C', 1),
(4, 'D', 1),
(5, 'E', 1),
(6, 'F', 1),
(7, 'A', 2),
(8, 'B', 2),
(9, 'C', 2),
(10, 'D', 2),
(11, 'E', 2),
(12, 'F', 2),
(13, 'A', 3),
(14, 'B', 3),
(15, 'C', 3),
(16, 'D', 3),
(17, 'E', 3),
(18, 'F', 3),
(19, 'A', 4),
(20, 'B', 4),
(21, 'C', 4),
(22, 'D', 4),
(23, 'E', 4),
(24, 'F', 4),
(25, 'A', 5),
(26, 'B', 5),
(27, 'C', 5),
(28, 'D', 5),
(29, 'E', 5),
(30, 'F', 5),
(31, 'A', 6),
(32, 'B', 6),
(33, 'C', 6),
(34, 'D', 6),
(35, 'E', 6),
(36, 'F', 6);

INSERT INTO seat (row_position, seatrow_id) VALUES
( 1, 1),
(2, 1),
(3, 1),
(4, 1),
(5, 1),
(6, 1),
(7, 1),
(8, 1),
(9, 1),
(10, 1),
(1, 2),
(2, 2),
(3, 2),
(4, 2),
(5, 2),
(6, 2),
(7, 2),
(8, 2),
(9, 2),
(10, 2),
(1, 3),
(2, 3),
(3, 3),
(4, 3),
(5, 3),
(6, 3),
(7, 3),
(8, 3),
(9, 3),
(10, 3),
(1, 4),
(2, 4),
(3, 4),
(4, 4),
(5, 4),
(6, 4),
(7, 4),
(8, 4),
(9, 4),
(10,4),
(1, 5),
(2, 5),
(3, 5),
(4, 5),
(5, 5),
(6, 5),
(7, 5),
(8, 5),
(9, 5),
(10,5),
(1, 6),
(2, 6),
(3, 6),
(4, 6),
(5, 6),
(6, 6),
(7, 6),
(8, 6),
(9, 6),
(10, 6),
(1, 7),
(2, 7),
(3, 7),
(4, 7),
(5, 7),
(6, 7),
(7, 7),
(8, 7),
(9, 7),
(10,7),
(1, 8),
(2, 8),
(3, 8),
(4, 8),
(5, 8),
(6, 8),
(7, 8),
(8, 8),
(9, 8),
(10, 8),
(1, 9),
(2, 9),
(3, 9),
(4, 9),
(5, 9),
(6, 9),
(7, 9),
(8, 9),
(9, 9),
(10, 9),
(1, 10),
(2, 10),
(3, 10),
(4, 10),
(5, 10),
(6, 10),
(7, 10),
(8, 10),
(9, 10),
(10, 10),
(1, 11),
(2, 11),
(3, 11),
(4, 11),
(5, 11),
(6, 11),
(7, 11),
(8, 11),
(9, 11),
(10, 11),
(1, 12),
(2, 12),
(3, 12),
(4, 12),
(5, 12),
(6, 12),
(7, 12),
(8, 12),
(9, 12),
(10, 12),
(1, 13),
(2, 13),
(3, 13),
(4, 13),
(5, 13),
(6, 13),
(7, 13),
(8, 13),
(9, 13),
(10, 13),
(1, 14),
(2, 14),
(3, 14),
(4, 14),
(5, 14),
(6, 14),
(7, 14),
(8, 14),
(9, 14),
(10, 14),
(1, 15),
(2, 15),
(3, 15),
(4, 15),
(5, 15),
(6, 15),
(7, 15),
(8, 15),
(9, 15),
(10, 15),
(1, 16),
(2, 16),
(3, 16),
(4, 16),
(5, 16),
(6, 16),
(7, 16),
(8, 16),
(9, 16),
(10, 16),
(1, 17),
(2, 17),
(3, 17),
(4, 17),
(5, 17),
(6, 17),
(7, 17),
(8, 17),
(9, 17),
(10, 17),
(1, 18),
(2, 18),
(3, 18),
(4, 18),
(5, 18),
(6, 18),
(7, 18),
(8, 18),
(9, 18),
(10, 18),
(1, 19),
(2, 19),
(3, 19),
(4, 19),
(5, 19),
(6, 19),
(7, 19),
(8, 19),
(9, 19),
(10, 19),
(1, 20),
(2, 20),
(3, 20),
(4, 20),
(5, 20),
(6, 20),
(7, 20),
(8, 20),
(9, 20),
(10, 20),
(1, 21),
(2, 21),
(3, 21),
(4, 21),
(5, 21),
(6, 21),
(7, 21),
(8, 21),
(9, 21),
(10, 21),
(1, 22),
(2, 22),
(3, 22),
(4, 22),
(5, 22),
(6, 22),
(7, 22),
(8, 22),
(9, 22),
(10, 22),
(1, 23),
(2, 23),
(3, 23),
(4, 23),
(5, 23),
(6, 23),
(7, 23),
(8, 23),
(9, 23),
(10, 23),
(1, 24),
(2, 24),
(3, 24),
(4, 24),
(5, 24),
(6, 24),
(7, 24),
(8, 24),
(9, 24),
(10, 24),
(1, 25),
(2, 25),
(3, 25),
(4, 25),
(5, 25),
(6, 25),
(7, 25),
(8, 25),
(9, 25),
(10, 25),
(1, 26),
(2, 26),
(3, 26),
(4, 26),
(5, 26),
(6, 26),
(7, 26),
(8, 26),
(9, 26),
(10, 26),
(1, 27),
(2, 27),
(3, 27),
(4, 27),
(5, 27),
(6, 27),
(7, 27),
(8, 27),
(9, 27),
(10, 27),
(1, 28),
(2, 28),
(3, 28),
(4, 28),
(5, 28),
(6, 28),
(7, 28),
(8, 28),
(9, 28),
(10, 28),
(1, 29),
(2, 29),
(3, 29),
(4, 29),
(5, 29),
(6, 29),
(7, 29),
(8, 29),
(9, 29),
(10, 29),
(1, 30),
(2, 30),
(3, 30),
(4, 30),
(5, 30),
(6, 30),
(7, 30),
(8, 30),
(9, 30),
(10, 30),
(1, 31),
(2, 31),
(3, 31),
(4, 31),
(5, 31),
(6, 31),
(7, 31),
(8, 31),
(9, 31),
(10, 31),
(1, 32),
(2, 32),
(3, 32),
(4, 32),
(5, 32),
(6, 32),
(7, 32),
(8, 32),
(9, 32),
(10, 32),
(1, 33),
(2, 33),
(3, 33),
(4, 33),
(5, 33),
(6, 33),
(7, 33),
(8, 33),
(9, 33),
(10, 33),
(1, 34),
(2, 34),
(3, 34),
(4, 34),
(5, 34),
(6, 34),
(7, 34),
(8, 34),
(9, 34),
(10, 34),
(1, 35),
(2, 35),
(3, 35),
(4, 35),
(5, 35),
(6, 35),
(7, 35),
(8, 35),
(9, 35),
(10, 35),
(1, 36),
(2, 36),
(3, 36),
(4, 36),
(5, 36),
(6, 36),
(7, 36),
(8, 36),
(9, 36),
(10, 36);

INSERT INTO security_permission (id, name, description) VALUES
(1, 'view_admin_page', null),
(2, 'view_employee_page', null),
(3, 'view_all_reservations', null),
(4, 'edit_reservations', null),
(5, 'add_movies', null),
(6, 'add_shows', null),
(7, 'view_all_employees', null),
(8, 'add_employees', null),
(9, 'edit_employees', null),
(10, 'view_all_users', null),
(11, 'add_users', null),
(12, 'edit_users', null);

INSERT INTO security_role (id, name) VALUES
(1, 'admin'),(2, 'employee');

INSERT INTO user (id, first_name, last_name, phonenumber, email, password) VALUES
(1, 'admin', 'admin', null, 'admin@admin.com', '$argon2id$v=19$m=65536,t=4,p=1$/pjamQrADmy8c8roq2QB/Q$911mVK13KXaWxWOcuJi4F9x90O/ijSnshc4JeVHIjTo'),
(2, 'employee', 'employee', null, 'employee@employee.com', '$argon2id$v=19$m=65536,t=4,p=1$vOLFI/k6gKOJunjY54rDeQ$7TaWKEeKXJEBhIHuO1WPxqVIxj7QuJalQMJG1wTWQUU'),
(3, 'Customer', 'Customer', null, 'customer@customer.com', '$argon2id$v=19$m=65536,t=4,p=1$N6utaeJKZe0mK0H4hHg1zg$/1ybRpX19NuFebI0rDIPqMb4Q89BeoqZU2X2pPPRmEg'),
(4, 'another', 'customer', null, 'another@customer.com', '$argon2id$v=19$m=65536,t=4,p=1$Osg1qvZArM8TRbN55f/SHQ$DnHQA77uh68IEXhwSuYMHb+vhY80UEOdiC69CHPOu0o');

INSERT INTO security_role_permission (security_permission_id, security_role_id)
VALUES
(1, 1),
(2,1),
(3,1),
(4,1),
(5,1),
(6,1),
(7,1),
(8,1),
(2,2),
(3,2),
(4,2),
(9, 1),
(10, 1),
(11, 1),
(12, 1);

INSERT INTO user_security_role (security_role_id, user_id) VALUES
(1, 1),
(2, 2);